AAPL,FB,NFLX,V,XOM
214.009998,,53.479999,88.139999,69.150002
214.379993,,51.510001,87.129997,69.41999799999999
210.969995,,53.319999,85.959999,70.019997
210.58,,52.400001,86.760002,69.800003
211.980005,,53.300002,87.0,69.519997
210.110003,,53.23,86.75,70.300003
207.720001,,52.37,86.339996,69.949997
210.650002,,53.96,87.139999,69.66999799999999
209.43,,50.989999,87.440002,69.68
205.93,,50.950001,86.139999,69.110001
215.039995,,51.2,87.849998,69.269997
211.73,,51.240001,87.41999799999999,68.029999
208.069996,,51.19,84.449997,66.699997
197.75,,50.89,82.730003,66.099998
203.070002,,49.13,82.029999,65.849998
205.940001,,49.949998,81.150002,65.91999799999999
207.880005,,50.969998,83.910004,65.540001
199.289995,,63.040001,82.650002,64.959999
192.060003,,62.250003,82.029999,64.43
194.729998,,61.030002,83.660004,66.18
195.859997,,61.85,84.010002,66.959999
199.229994,,61.950003,83.519997,66.599998
192.050003,,60.339999,83.050003,64.720001
195.460001,,60.839997,82.559998,64.800003
194.119997,,60.899999,83.050003,64.349998
196.190004,,62.13,83.269997,65.199997
195.120007,,61.489999,83.639999,64.849998
198.669994,,63.360002,85.139999,65.239998
200.379993,,63.179997,84.779999,64.800003
203.399996,,64.860003,85.879997,66.279999
202.550003,,64.510001,86.41999799999999,65.760002
202.929998,,66.099998,86.959999,65.959999
201.669996,,66.649997,86.809998,65.870003
200.419994,,65.269999,86.910004,65.400002
197.059998,,64.349998,86.120003,64.940002
200.66,,64.689999,85.629997,65.550003
202.000004,,65.61,85.230003,65.139999
204.619997,,66.050003,85.279999,65.0
208.990004,,69.7,86.82,65.400002
208.85,,68.979997,86.449997,65.489998
209.329998,,67.54999699999999,86.800003,65.43
210.710003,,68.010001,87.040001,65.400002
218.950005,,67.65,88.510002,66.470001
219.079994,,68.680003,90.629997,66.480003
223.020004,,69.939999,90.150002,66.779999
224.839993,,71.28000300000001,91.519997,67.220001
225.500008,,71.190001,92.739998,67.220001
226.600006,,69.98,93.25,66.800003
223.839996,,69.599998,92.410004,66.300003
224.449997,,70.63000100000001,91.650002,66.57
224.120003,,70.920001,91.510002,67.360001
224.650002,,70.539999,90.129997,67.389999
222.25,,70.449997,88.839996,67.040001
224.750004,,72.889999,89.239998,66.970001
228.359993,,72.960001,89.980003,66.949997
229.370003,,72.370001,88.75,66.5
226.649994,,73.540001,90.410004,66.300003
230.899998,,74.299998,90.25,66.540001
232.389992,,73.900002,90.239998,67.300003
235.849991,,75.060002,91.0,67.050003
235.000011,,73.739999,91.029999,66.980003
235.969994,,75.000001,92.550003,67.610001
238.489998,,79.990002,92.470001,68.190002
239.540009,,83.36999899999999,92.400002,67.900002
240.600006,,79.730002,90.709999,67.339996
239.950005,,81.82999699999999,91.489998,67.860001
241.789993,,82.419997,92.519997,68.760002
242.290005,,83.180001,93.190002,68.709999
242.430008,,86.38000100000001,92.790001,68.660004
245.690002,,87.570002,94.260002,68.610001
248.92001,,86.829998,94.449997,68.260002
247.400002,,85.31000300000001,93.849998,67.93
247.070007,,84.799998,93.120003,68.230003
244.590004,,87.069997,94.050003,68.970001
259.220005,,86.980001,93.129997,68.91999799999999
266.46999700000003,,100.249998,95.139999,68.559998
270.82999,,99.73,96.589996,69.239998
269.5,,108.169999,96.0,69.290001
262.039989,,102.07,92.949997,68.269997
261.600006,,99.389998,93.610001,69.190002
268.640007,,103.169998,92.82,68.660004
261.090008,,98.900001,90.230003,67.769997
266.34999500000004,,101.989998,89.269997,67.839996
258.679993,,99.359998,88.370003,66.470001
255.989998,,98.229999,86.43,66.16999799999999
246.249989,,96.970003,82.91999799999999,63.889999
235.860004,,91.090002,82.290001,63.700001
253.990005,,97.500002,85.989998,65.230003
256.51999700000005,,99.820002,84.160004,64.459999
262.090004,,107.829998,85.68,64.910004
258.360012,,110.010001,85.730003,64.739998
253.819988,,100.559999,77.260002,63.599998
254.219997,,106.349998,74.709999,63.27
252.360008,,102.009998,70.089996,62.790001
248.339996,,100.61,72.970001,62.450001
237.75999500000003,,94.989998,72.82,60.330002
242.319992,,99.47,74.199997,60.880001
246.759987,,101.620003,74.550003,60.189999
245.220005,,105.0,72.970001,59.709999
244.109993,,104.800002,73.400002,59.310001
253.349991,,108.860002,73.690002,61.459999
256.880005,,111.150001,72.459999,60.459999
260.830002,,107.289999,71.489998,59.25
263.949993,,110.779999,71.25,60.77
263.11998700000004,,111.850003,72.839996,61.560001
255.960011,,109.780003,72.129997,59.529999
250.940002,,109.160002,71.889999,59.299999
249.330006,,110.330002,73.349998,61.240002
243.200012,,115.429998,73.800003,60.029999
250.510006,,118.660006,77.449997,61.889999
253.50999500000003,,120.689999,76.08000200000001,61.860001
254.27999900000003,,126.810005,73.779999,61.369999
259.690002,,123.499996,76.93,62.509998
267.249989,,124.669996,77.16999799999999,62.509998
271.86998700000004,,125.859997,78.239998,62.599998
274.070011,,126.419996,77.040001,63.099998
270.170002,,118.99,80.900002,63.130001
273.850006,,116.429995,78.760002,61.939999
270.969994,,117.769999,77.760002,61.099998
268.999989,,115.249994,76.480003,60.07
266.699989,,117.980003,76.660004,59.099998
268.299999,,117.609995,75.220001,58.470001
256.170002,,112.58,71.449997,57.290001
251.530003,,108.649997,70.75,57.07
248.48,,109.66,72.860001,56.610001
246.939991,,107.080001,73.18,56.57
248.62999,,107.269999,72.269997,57.459999
258.670006,,118.490002,74.82,58.43
258.089993,,116.979994,75.08000200000001,58.810001
259.61998700000004,,117.530006,77.379997,58.779999
257.290001,,119.379995,76.510002,58.939999
251.799995,,120.920004,76.589996,59.419998
252.730003,,122.999998,76.279999,59.259998
251.450001,,121.109995,75.279999,59.27
249.900005,,118.389999,71.449997,57.959999
245.580013,,118.899998,71.220001,58.43
251.890011,,120.390005,73.599998,58.950001
254.239998,,119.650002,72.360001,58.169998
259.02,,103.56,74.459999,59.380001
259.939995,,107.700002,75.589996,59.720001
259.280006,,102.790003,76.08000200000001,60.389999
264.080009,,104.089999,76.610001,60.810001
260.959991,,100.309999,75.18,60.91
258.10999300000003,,98.02,71.980003,60.34
257.25,,102.549997,73.349998,59.68
261.849998,,101.880002,72.230003,61.939999
261.93,,104.41,73.0,62.720001
262.980011,,108.129998,72.449997,62.720001
261.700008,,110.53,71.5,62.709999
260.090012,,118.319998,72.139999,61.970001
261.749996,,116.900005,74.739998,62.450001
259.409996,,125.010004,75.269997,61.93
250.18999900000003,,126.469997,73.510002,60.389999
251.790009,,133.050001,72.980003,60.23
249.099987,,132.259996,72.220001,59.91
247.640007,,137.220003,72.83000200000001,59.880001
251.970013,,132.969999,73.360001,60.82
253.070011,,125.700006,72.879997,60.150002
249.880005,,128.239998,71.629997,59.290001
249.639999,,129.959997,70.099998,58.889999
245.799992,,126.899994,70.120003,59.5
239.930004,,121.279999,70.660004,58.939999
242.889992,,124.25,70.860001,58.91
240.27999900000003,,125.839996,69.910004,58.48
241.620003,,126.100002,71.110001,59.799999
242.499996,,123.1,69.540001,59.0
243.10001,,125.520002,68.980003,59.110001
250.330002,,134.910004,70.529999,60.91
252.169991,,137.999994,71.980003,61.060001
258.770008,,138.480005,72.5,61.32
257.810013,,141.790001,71.5,60.549999
262.92001,,146.000004,68.550003,60.75
263.07,,145.679996,66.779999,61.049999
263.410007,,146.15999399999998,68.089996,61.200001
267.039997,,147.93999499999998,65.480003,61.0
268.059994,,146.650005,67.120003,61.009998
270.21999,,143.120005,68.93,61.0
276.569988,,140.499998,68.379997,60.970001
275.36998700000004,,140.459997,68.489998,60.779999
283.230007,,142.889999,70.309998,61.549999
283.769993,,147.200005,69.940002,61.540001
287.750004,,156.93,70.620003,61.450001
288.91999100000004,,160.470001,70.980003,61.150002
292.319988,,162.210001,72.370003,61.75
291.159988,,164.989998,73.0,61.709999
286.859997,,161.860006,73.269997,62.060001
287.369995,,170.62999299999998,74.410004,61.59
283.749992,,162.16,74.260002,61.790001
282.52000400000003,,154.660002,73.32,62.540001
278.639996,,156.390001,73.239998,62.189999
288.939991,,156.159996,74.989998,63.259998
289.19001000000003,,150.269995,74.230003,63.939999
289.21999700000003,,151.429995,73.610001,63.849998
294.069988,,149.639994,74.0,64.379997
295.360004,,153.690006,74.290001,64.550003
298.539997,,155.390005,74.25,64.699997
300.140007,,154.610001,76.940002,65.040001
302.30999,,152.779999,77.16999799999999,65.300003
314.739994,,155.719999,77.599998,65.190002
317.999989,,153.000004,78.360001,66.279999
309.489994,,149.33,77.550003,65.120003
310.529991,,153.149994,79.519997,66.010002
309.520008,,172.690001,79.199997,66.32
307.470001,,168.100002,79.290001,66.339996
308.839993,,166.84,80.629997,66.199997
308.049988,,177.62000700000002,80.029999,66.529999
307.830009,,178.5,79.91999799999999,65.66999799999999
305.23999,,175.700003,76.449997,66.220001
300.98,,173.569994,78.160004,66.489998
304.179993,,167.369999,77.32,66.949997
309.360004,,171.610003,78.41999799999999,67.839996
312.800003,,171.459999,79.0,67.970001
318.270008,,167.819996,79.989998,69.379997
317.130009,,168.100002,79.800003,70.0
318.620003,,169.129999,78.709999,70.32
316.079998,,170.460003,78.32,70.629997
318.030003,,176.870003,79.290001,71.129997
316.649998,,175.140003,79.220001,71.83000200000001
308.029987,,172.999994,76.940002,70.989998
307.040005,,168.299994,76.360001,70.480003
301.59,,165.399994,74.989998,68.940002
300.499989,,166.679996,75.730003,69.010002
308.429996,,168.329994,76.940002,70.309998
306.730011,,173.039995,77.050003,70.540001
313.35998900000004,,188.319998,75.459999,70.190002
308.73000299999995,,187.709997,74.650002,68.980003
314.799995,,188.769995,75.82,69.879997
315.0,,191.9,75.480003,69.230003
316.870003,,198.92,74.190002,69.449997
311.150005,,205.9,73.849998,69.559998
316.400005,,200.140001,75.220001,71.33000200000001
318.150005,,193.419994,77.0,71.480003
317.440002,,185.449999,77.349998,71.190002
320.149998,,193.469995,78.309998,71.309998
318.210007,,189.810005,76.879997,71.459999
321.009991,,188.229996,77.940002,71.849998
319.760002,,191.049994,79.120003,72.0
320.559994,,194.629995,80.199997,72.18
321.670006,,183.800001,80.889999,72.360001
320.290001,,178.449999,80.639999,72.18
320.35998900000004,,178.5,76.940002,71.849998
321.249996,,181.650005,67.190002,72.220001
320.610008,,180.019995,66.900002,72.16999799999999
322.209991,,178.050003,67.989998,72.220001
324.199997,,186.240004,68.050003,72.720001
325.159992,,185.349997,68.550003,72.800003
323.60001,,184.580006,68.730003,73.199997
324.680008,,180.009995,70.809998,73.010002
325.470013,,183.669998,70.730003,73.41999799999999
325.290009,,180.27,70.599998,73.370003
323.660011,,179.800003,70.290001,73.360001
322.560013,,175.700003,70.379997,73.120003
329.57,,178.409998,70.519997,74.550003
331.290012,,181.369999,70.599998,74.900002
334.000008,,179.730001,72.089996,74.699997
333.729988,,177.990002,73.16999799999999,75.18
336.120003,,179.300005,72.959999,75.589996
342.450001,,187.880001,71.809998,75.129997
341.639996,,186.65,71.879997,75.690002
344.420006,,188.899998,72.610001,76.58000200000001
345.680008,,191.490004,71.139999,76.709999
348.479992,,191.480003,71.120003,77.839996
340.650013,,193.68,71.209999,78.709999
338.840012,,190.870003,69.120003,78.239998
332.680004,,185.000002,70.690002,77.75
326.720001,,182.090002,70.150002,78.980003
337.449993,,183.960005,71.790001,78.589996
341.39999,,186.740002,71.58000200000001,78.68
343.850006,,183.029997,71.0,79.660004
343.209991,,210.870007,70.599998,79.879997
336.100002,,217.979996,69.459999,78.989998
339.319996,,214.08,69.849998,80.68
345.030006,,212.9,70.699997,83.910004
344.320004,,211.260002,72.089996,83.410004
343.44001000000003,,211.489994,71.629997,83.440002
346.5,,220.070004,72.900002,83.279999
351.87999,,218.019997,73.93,83.93
355.200012,,217.630001,74.57,82.980003
358.16,,222.290001,73.279999,82.550003
354.539997,,223.19999500000003,74.739998,83.199997
356.85001,,231.069988,74.93,82.82
359.179996,,247.549992,75.739998,84.910004
359.900013,,240.78999700000003,75.610001,82.970001
363.129993,,237.719994,75.959999,83.690002
358.300003,,235.630013,76.139999,83.879997
350.560013,,235.51001,75.83000200000001,84.5
338.60999300000003,,221.599998,73.739998,85.440002
342.619991,,211.200001,72.879997,87.07
342.879997,,215.179998,73.910004,85.970001
348.160011,,212.440002,74.68,85.339996
353.210007,,206.670004,73.050003,85.529999
349.309998,,204.629997,72.699997,84.800003
352.119995,,204.230001,73.970001,85.08000200000001
359.560005,,203.369995,75.83000200000001,85.82
359.999989,,210.720003,74.690002,85.08000200000001
355.35998900000004,,207.399994,74.150002,84.720001
355.759998,,195.450001,74.16999799999999,84.599998
352.46999,,192.989998,73.709999,84.379997
346.66999100000004,,200.019999,71.400002,81.379997
351.990005,,204.539995,72.510002,82.120003
353.560001,,201.199999,71.860001,82.379997
345.42998900000003,,217.110003,71.199997,81.389999
330.01001,,213.839994,70.959999,79.309998
334.639996,,213.899996,71.43,81.160004
330.669998,,209.4,71.41999799999999,80.849998
339.299995,,212.839998,71.959999,82.839996
341.200012,,221.389994,71.599998,82.559998
339.190006,,229.060009,71.989998,82.599998
344.970005,,229.12999700000003,72.660004,82.730003
351.540009,,230.009991,72.089996,83.620003
350.44001000000003,,237.320011,72.75,83.470001
350.959995,,237.380013,72.199997,83.25
348.630009,,237.950012,74.230003,84.489998
348.51000600000003,,237.779995,73.620003,84.129997
344.560009,,242.09,74.220001,84.68
341.189999,,244.719994,75.239998,84.870003
338.88999900000005,,244.229996,75.620003,85.41999799999999
338.03999300000004,,239.970005,76.0,85.18
338.079994,,233.959988,76.410004,85.760002
335.060005,,234.860008,76.720001,85.949997
330.799988,,228.159988,77.709999,85.160004
332.399998,,233.919987,77.029999,83.18
336.12999,,238.750004,77.5,83.160004
332.419998,,236.730011,76.309998,83.440002
327.459991,,235.490009,76.470001,84.290001
331.849998,,233.330013,75.68,83.099998
337.85998900000004,,241.549988,75.91999799999999,83.800003
342.41,,244.43,77.370003,85.650002
350.699989,,252.220005,77.769997,86.360001
353.010002,,251.670006,77.760002,86.220001
350.42001,,228.909992,78.769997,87.41999799999999
350.14999,,235.960007,78.889999,87.779999
346.749992,,234.37001,77.660004,87.339996
350.12999,,232.669998,78.120003,87.980003
346.27999500000004,,237.189995,79.139999,86.970001
348.200012,,231.240005,80.0,85.620003
349.570004,,229.18999900000003,79.769997,84.809998
346.749992,,230.309998,78.699997,82.620003
346.660004,,229.470005,79.410004,82.690002
347.599998,,236.410004,79.860001,83.18
349.450001,,237.630005,80.349998,83.339996
347.23000299999995,,240.669994,79.339996,81.120003
346.569988,,245.770004,79.93,81.050003
340.499996,,246.520008,79.910004,80.870003
333.299992,,237.089993,79.940002,80.239998
336.140003,,236.940002,80.599998,80.410004
339.869995,,242.53999700000003,80.010002,81.739998
340.53001,,242.729988,79.639999,82.33000200000001
335.220009,,245.899994,78.230003,81.57
334.39999,,247.829998,76.91999799999999,80.66999799999999
332.190006,,247.600006,77.599998,81.290001
336.779991,,259.46999700000003,78.75,81.959999
335.000004,,263.749989,79.290001,82.389999
337.409992,,264.51000600000003,79.800003,82.629997
347.82999,,270.800003,81.059998,83.470001
345.509991,,267.260002,79.18,82.029999
346.099991,,271.699997,80.699997,81.33000200000001
343.44001000000003,,273.699989,79.129997,81.18
338.03999300000004,,262.589989,78.199997,80.290001
332.039989,,263.68998700000003,79.82,80.0
332.239994,,262.259995,76.709999,80.760002
331.48999,,262.569988,76.43,81.18
325.900009,,258.619991,74.690002,79.779999
326.599998,,257.220013,74.860001,79.230003
332.439999,,261.130009,75.93,80.379997
326.749989,,257.12001000000004,74.839996,78.660004
325.159992,,249.299992,74.879997,79.220001
320.259987,,245.670002,74.43,79.019997
315.320007,,245.630001,74.050003,79.709999
325.299995,,253.649998,74.989998,80.57
322.61000099999995,,248.660004,74.660004,79.82
331.230011,,255.720005,75.309998,78.440002
326.350006,,256.960007,73.370003,76.779999
332.039989,,260.119999,73.889999,77.91999799999999
335.26001,,265.089993,75.279999,79.629997
334.040009,,264.940002,86.57,80.25
335.670006,,262.689991,84.260002,81.379997
343.26000600000003,,267.990005,87.970001,82.010002
349.43,,289.629993,88.32,81.599998
351.759987,,290.960011,88.199997,81.57
357.200005,,292.41999100000004,90.150002,82.360001
359.709995,,295.13999900000005,89.730003,82.41999799999999
354.000011,,290.740005,87.900002,81.900002
353.749992,,291.27000400000003,87.699997,81.889999
358.01999700000005,,298.729988,88.739998,82.480003
357.77000400000003,,286.619991,87.940002,82.239998
364.919994,,286.93001200000003,88.75,83.0
373.800011,,279.000004,88.07,82.650002
376.849987,,287.28999300000004,89.209999,83.629997
386.89999,,281.400005,88.639999,83.300003
387.290012,,275.809998,88.050003,85.019997
393.300003,,276.580002,89.519997,85.220001
398.499989,,281.52999500000004,89.08000200000001,84.57
403.410007,,266.910007,89.199997,84.370003
392.59,,269.419998,87.75,83.309998
391.819996,,266.61998700000004,86.91999799999999,81.459999
390.479992,,265.990013,85.540001,79.790001
396.749989,,263.379993,85.68,79.599998
388.909996,,257.200012,83.559998,77.839996
392.57,,259.999996,87.480003,77.720001
377.369999,,245.770004,84.989998,73.839996
373.620007,,241.110004,83.410004,74.82
353.210007,,226.640007,79.239998,70.190002
374.010002,,237.799995,82.760002,71.639999
363.690006,,232.420006,79.279999,68.029999
373.700008,,243.12999700000003,84.519997,71.58000200000001
376.98999,,244.000004,83.83000200000001,72.0
383.410004,,246.280003,85.870003,74.290001
380.480003,,239.03999700000003,85.83000200000001,73.5
380.440002,,232.240002,83.989998,74.160004
366.050007,,217.479998,80.290001,70.940002
356.029991,,205.209997,79.599998,69.800003
356.43998700000003,,205.209997,79.790001,70.18
373.600006,,219.540005,83.769997,73.660004
376.180012,,216.030005,86.379997,73.540001
373.720009,,215.83,84.110001,71.769997
383.579994,,221.890005,85.849998,72.639999
389.969994,,225.03999700000003,86.58000200000001,74.120003
389.989994,,236.279987,87.93,73.910004
384.830009,,235.009998,87.879997,74.019997
381.030003,,233.270012,87.730003,73.489998
374.050003,,213.110004,85.550003,72.139999
379.740013,,218.77,85.860001,71.150002
383.929989,,216.000004,88.480003,73.650002
384.140007,,211.200001,87.459999,72.82
377.479988,,203.969995,86.349998,71.010002
379.939991,,210.050001,87.449997,71.839996
384.619991,,208.749998,87.769997,71.650002
389.299992,,208.709997,89.58000200000001,72.639999
392.959995,,169.250002,90.5,74.010002
400.500008,,155.190001,90.849998,74.550003
411.630009,,143.750006,90.029999,73.699997
413.449997,,130.029999,92.839996,74.010002
412.140007,,128.500004,91.419998,71.970001
401.820011,,128.53000500000002,88.300003,69.239998
404.299988,,129.359997,90.080002,69.309998
403.170002,,132.21999499999998,90.279999,71.720001
399.260006,,127.489994,89.480003,72.910004
397.009995,,127.139999,87.629997,72.07
390.570007,,113.190001,87.690002,73.879997
381.319996,,113.270002,85.720001,72.629997
374.600002,,113.250002,84.260002,71.150002
372.500008,,114.9,84.779999,72.83000200000001
378.249992,,119.760004,84.989998,73.949997
377.369999,,123.240004,87.129997,73.889999
369.799999,,117.209999,86.25,73.559998
388.809994,,111.619998,89.25,76.279999
400.289989,,108.659997,90.510002,76.269997
402.190006,,113.619997,91.169998,77.160004
408.429989,,117.009995,92.599998,76.370003
421.999992,,116.039999,93.919998,78.110001
419.990013,,117.330002,91.190002,77.470001
422.23999800000007,,111.740001,93.910004,78.889999
398.619991,,109.420001,90.080002,78.43
395.310009,,111.480001,91.349998,78.709999
392.870007,,117.039995,93.43,80.129997
405.770008,,118.839996,94.209999,80.16999799999999
397.770012,,77.370002,90.68,79.440002
400.60001,,79.400002,92.019997,81.07
404.69001,,80.86000200000001,94.400002,81.879997
404.949989,,84.14000300000001,95.099998,81.480003
404.779999,,82.080003,93.260002,78.089996
396.51001,,80.089997,90.029999,75.940002
397.410004,,83.389999,91.5,77.370003
403.07,,92.290003,93.18,78.860001
400.240002,,90.019998,92.639999,78.519997
399.730003,,90.830003,92.959999,79.349998
406.229992,,90.470001,94.540001,79.760002
395.279995,,88.049999,93.129997,77.389999
385.220005,,85.11999899999999,93.040001,78.699997
384.619991,,87.749999,95.160004,79.720001
379.260002,,85.719999,93.82,78.959999
388.829994,,86.279999,95.629997,79.089996
384.770008,,81.180002,93.400002,78.25
377.41,,76.460001,91.400002,77.860001
374.94001,,78.059998,90.809998,77.900002
369.009995,,74.47000200000001,91.209999,76.910004
376.510006,,70.449997,90.839996,76.029999
366.990002,,68.499999,89.290001,74.58000200000001
363.570004,,63.86,89.019997,73.900002
376.12001,,69.949999,93.470001,75.839996
373.199997,,67.569998,92.900002,76.93
382.199989,,64.530002,96.970001,80.440002
387.93,,67.170002,97.760002,79.790001
389.700001,,66.369997,97.199997,79.790001
393.01001,,70.120003,96.059998,80.449997
390.949989,,68.139997,95.370003,80.82
389.09,,71.959998,97.07,81.08000200000001
390.659996,,69.42,95.800003,79.870003
393.62001,,70.89,97.190002,81.339996
391.839996,,75.26,96.919998,80.050003
388.809994,,72.11000200000001,95.910004,80.529999
380.19001,,71.039997,96.360001,79.440002
378.939995,,69.72,95.82,80.029999
381.019989,,69.820003,97.440002,80.160004
382.210003,,67.150002,98.580002,79.529999
395.949997,,71.399999,101.349998,82.0
396.450008,,70.97000200000001,100.720001,83.120003
398.550003,,73.840001,100.540001,84.290001
403.330006,,72.62,102.480003,85.220001
406.529999,,70.6,101.910004,85.279999
402.640003,,69.200002,100.720001,84.18
405.120007,,69.29999699999999,103.150002,85.269997
405.000004,,69.289997,101.529999,84.760002
411.23,,72.239998,102.989998,86.0
413.44001,,80.449999,101.150002,86.019997
418.029995,,79.299999,101.910004,85.760002
422.400002,,86.289999,100.709999,85.120003
421.73,,98.179997,99.900002,85.5
423.239994,,95.829997,99.800003,85.720001
422.549992,,92.15,99.110001,85.08000200000001
421.389992,,92.15,101.339996,84.739998
419.810009,,94.379997,100.739998,84.879997
424.700001,,94.719998,102.529999,85.690002
429.110008,,98.539999,103.779999,86.449997
427.750004,,103.459998,102.370003,87.029999
420.3000070000001,,100.239998,100.580002,87.489998
427.409996,,93.960001,99.599998,87.470001
420.409996,,92.669998,101.010002,87.18
446.659996,,95.039999,100.559998,87.220001
444.62999,,116.009998,100.860001,86.769997
447.28001,,123.790003,101.050003,85.83000200000001
453.009995,,125.43,99.879997,85.489998
456.47998,,120.200001,100.639999,83.739998
456.189987,,122.969997,102.510002,83.970001
455.12000300000005,,123.999994,106.059998,83.529999
459.68,,126.429996,107.029999,84.91999799999999
463.969978,,129.249994,107.360001,85.75
468.830009,,127.880003,106.980003,86.339996
476.680016,,123.999994,108.349998,85.32
493.170006,,124.84,112.419998,84.879997
493.419998,,123.930006,113.900002,83.800003
502.600021,,118.299997,112.709999,84.41999799999999
509.459991,,123.07,115.239998,84.66999799999999
497.669975,,122.060003,115.099998,84.120003
502.209999,,121.91,113.800003,85.410004
502.12001,,121.849998,115.010002,85.620003
514.850021,,117.400003,114.199997,86.57
513.039993,,112.399996,116.360001,86.91999799999999
516.3899769999999,,112.989996,116.480003,87.019997
522.4099809999999,,111.669999,117.540001,87.339996
525.760017,,109.410001,116.860001,87.230003
535.410011,,113.320004,118.949997,87.139999
542.440025,,110.729998,116.370003,86.5
544.4699780000001,,112.750004,117.18,86.83000200000001
545.180008,,115.100004,116.160004,86.33000200000001
533.1600269999999,,110.809999,116.239998,87.010002
530.259987,,107.130002,114.839996,85.860001
530.6900099999999,,105.189998,115.639999,85.83000200000001
541.989975,,108.069997,117.970001,84.83000200000001
545.170021,,109.130001,117.169998,84.300003
551.999977,,106.200001,116.529999,85.550003
568.099998,,106.349998,117.269997,86.860001
589.580009,,105.249999,116.75,86.019997
585.5599980000001,,110.169998,117.0,86.089996
585.569984,,109.96,116.68,86.440002
601.100006,,114.33,118.839996,86.989998
605.959984,,115.020002,116.519997,86.599998
602.4999849999999,,120.099998,116.75,86.010002
599.3400190000001,,118.729994,117.279999,85.33000200000001
596.050011,,120.190001,118.779999,85.550003
606.97998,,121.990002,120.059998,87.029999
614.4800190000001,,120.669998,119.809998,86.620003
617.62001,,118.809996,119.349998,85.860001
609.8599929999999,,115.050003,119.0,86.08000200000001
599.550011,,115.040003,118.0,86.730003
618.6300200000001,,113.970005,118.980003,87.07
629.319984,,112.959995,120.360001,85.83000200000001
624.3099900000001,,110.26,118.980003,84.980003
633.679977,,110.499999,121.010002,84.82
636.229996,,106.679998,119.5,83.879997
628.440018,,101.920003,116.739998,82.16999799999999
626.20002,,99.810001,117.379997,82.699997
622.7699809999999,,104.260003,121.019997,83.599998
605.22998,,104.170001,123.160004,82.949997
580.1300200000001,,101.149999,120.830002,84.010002
609.699989,,107.02,122.080002,85.449997
608.340012,,106.959998,121.779999,85.75
587.439987,,107.090001,121.190002,85.279999
572.980003,,106.109999,121.010002,85.300003
571.699974,,101.840001,118.099998,85.690002
560.280006,,87.679997,118.93,86.309998
610.000023,,86.35,121.790001,86.849998
607.6999969999999,,85.069998,123.190002,86.07
603.000023,,83.740001,123.519997,86.08000200000001
583.9799879999999,,80.13999799999999,122.980003,86.339996
582.130013,,81.36,123.089996,87.040001
585.97998,,82.23,122.190002,86.199997
581.819992,,75.970003,116.410004,85.650002
565.25,,73.13999799999999,117.790001,84.57
569.480003,,73.449999,118.510002,84.480003
568.18,,72.789997,118.139999,84.019997
569.180023,,74.349999,117.419998,83.309998
570.519974,,72.420002,118.169998,82.839996
566.710007,,77.380002,117.919998,83.099998
558.2199860000001,,76.959999,116.720001,82.120003
553.169991,,77.479998,116.610001,81.790001
546.0800019999999,,74.20000300000001,117.529999,82.16999799999999
530.12001,,71.969998,115.010002,81.910004
530.37999,,69.959999,112.639999,81.470001
561.279976,,71.74,116.220001,82.040001
556.970024,,67.710001,118.389999,81.949997
570.559975,,71.909997,119.169998,82.040001
565.320015,,70.27,119.769997,82.610001
562.289986,,70.219998,119.370003,82.08000200000001
572.269974,,69.440001,120.279999,81.93
579.1699980000001,,67.339999,117.489998,79.790001
577.7300190000001,,63.439997,115.199997,78.629997
560.989983,,62.949999,112.25,77.91999799999999
564.289978,,64.999999,114.160004,77.83000200000001
562.830025,,64.83000200000001,113.809998,77.599998
571.460022,,65.879999,116.339996,80.18
571.720001,,64.639997,116.809998,80.690002
580.319984,,65.64,116.580002,80.839996
571.169975,,63.0,116.349998,80.269997
576.159996,,63.02,117.160004,81.260002
572.160011,,62.830003000000005,114.900002,80.629997
571.529984,,62.659999,116.489998,82.129997
574.12999,,65.789997,118.400002,83.220001
585.779976,,66.72999899999999,120.099998,83.110001
587.4100269999999,,69.830003,121.349998,84.480003
585.739975,,68.159998,122.589996,84.970001
577.669991,,65.839998,119.480003,82.110001
582.099998,,67.859998,124.949997,82.110001
570.77002,,67.029999,121.269997,81.239998
572.0300219999999,,66.8,123.160004,82.400002
574.4999849999999,,66.49,123.440002,83.199997
569.04998,,67.36,121.519997,83.099998
584.0000150000001,,68.489999,123.629997,85.57
592.519997,,67.849998,126.620003,85.339996
599.4099809999999,,72.04,126.339996,86.279999
609.9399950000001,,81.720001,127.010002,85.57
605.879982,,81.88999799999999,125.279999,84.800003
613.889992,,82.989997,123.650002,83.650002
608.210022,,80.23,122.279999,83.110001
604.430016,,81.639999,120.739998,84.379997
598.900009,,84.97000200000001,122.639999,84.120003
604.970001,,84.900001,124.089996,85.470001
606.910019,,82.979997,127.150002,85.050003
606.93998,,81.78000300000001,128.229996,85.730003
606.260017,,81.269998,127.82,86.209999
614.320015,,83.12,125.389999,86.209999
604.300026,,81.819997,125.75,85.949997
603.8300019999999,,79.940001,124.470001,85.209999
600.919975,,80.389997,122.650002,84.58000200000001
574.970009,,60.279998,122.199997,85.239998
574.8800200000001,,57.010003000000005,126.769997,86.519997
585.159988,,58.92,129.139999,87.449997
595.0300139999999,,57.75,130.839996,87.559998
610.759987,,56.849999,129.070007,86.849998
606.8099900000001,,54.499999,127.459999,86.910004
607.789986,,53.870001,129.270004,85.879997
615.70002,,53.909999,130.979996,87.550003
622.5500030000001,,56.789998,131.029999,87.449997
620.910019,,57.899997,130.399994,87.91999799999999
619.860008,,57.800001,131.149994,88.279999
620.7299879999999,,57.909997,128.509995,88.199997
621.6999969999999,,59.900002,129.089996,88.440002
630.0,,59.910003,128.320007,88.139999
631.690025,,61.759998,129.889999,88.199997
630.829979,,63.259999,129.059998,88.0
636.340012,,64.31000300000001,129.679993,88.66999799999999
648.110001,,63.690002,128.690002,88.400002
665.150017,,64.240002,128.160004,87.949997
656.059982,,65.599999,127.519997,87.459999
668.869995,,65.400002,128.100006,87.730003
662.630013,,64.04999699999999,127.150002,87.309998
663.2199860000001,,63.159997,126.660004,88.050003
675.679977,,62.389999,127.660004,87.739998
674.800011,,62.949999,127.400002,88.099998
673.469994,,63.439997,128.020004,87.900002
663.869987,,60.480002,126.699997,87.199997
665.240005,,59.719998,128.25,87.300003
674.970001,,55.929998,128.520004,87.120003
670.230026,,54.96,127.610001,87.33000200000001
676.270004,,56.650002,129.5,88.989998
680.43998,,56.660002,129.71000700000002,89.91999799999999
662.739975,,55.920002,128.679993,89.480003
660.5900190000001,,57.16,131.490005,89.620003
669.790016,,57.210001,133.46000700000002,89.550003
682.980011,,57.999999,134.979996,91.230003
691.2800139999999,,60.520003,134.25,92.300003
699.7800219999999,,57.020003,133.869995,91.910004
701.910004,,56.060001,133.660004,91.650002
702.100021,,57.039997,134.78999299999998,90.57
698.6999969999999,,58.740003,134.610001,91.519997
700.089989,,57.790001,135.0,91.919998
690.790016,,56.390002,133.740005,91.879997
673.5400089999999,,53.8,134.559998,91.739998
665.179977,,55.13,132.520004,91.230003
681.32,,55.55,133.910004,91.800003
667.100021,,54.440001,134.279999,91.449997
659.389992,,56.050001,136.729996,91.800003
661.309982,,56.459997,136.0,91.720001
671.449974,,62.579997,138.520004,91.699997
666.799988,,66.669997,139.669998,92.220001
652.589996,,66.560001,140.259995,92.550003
638.170013,,73.52,138.71000700000002,92.68
635.850014,,65.52999799999999,136.740005,92.129997
640.909996,,65.499997,137.419998,91.029999
628.099983,,65.980001,139.050003,91.169998
629.710007,,64.32999699999999,139.119995,91.029999
634.760002,,64.76,139.889999,91.510002
649.789986,,66.050003,141.160004,92.379997
644.610001,,68.52,142.559998,93.389999
632.6400070000001,,67.36,141.880005,93.480003
609.8400190000001,,64.97999899999999,139.970001,92.150002
634.029999,,67.879998,139.0,92.190002
613.3599929999999,,68.219999,136.639999,90.18
616.829979,,60.120001,136.490005,89.879997
609.539986,,61.509999,137.550003,90.43
603.999992,,69.57999699999999,138.309998,90.620003
595.320007,,79.239998,138.759995,91.169998
596.5400089999999,,77.690002,143.880005,91.599998
576.800011,,76.899998,143.399994,90.269997
584.620003,,78.240002,141.5,90.629997
582.849976,,76.36999899999999,143.860001,91.610001
558.000008,,77.680002,142.559998,88.18
537.7499849999999,,75.970003,142.059998,87.07
547.0599980000001,,77.900001,142.929993,87.209999
542.829994,,78.190001,143.240005,87.32
542.900009,,79.61,142.449997,86.470001
536.880005,,79.779997,139.949997,86.07
525.619987,,81.480002,140.0,86.139999
527.680008,,80.900002,142.71000700000002,86.449997
565.730011,,81.36,145.649994,87.66999799999999
560.9099809999999,,82.399997,146.339996,87.5
561.700012,,82.999997,146.660004,88.010002
571.500023,,82.95000300000001,148.119995,89.089996
589.5300219999999,,82.060002,147.25,88.620003
584.780006,,83.079999,146.779999,87.349998
582.940018,,82.23,147.28999299999998,88.099998
589.3599780000001,,81.38,148.179993,88.120003
585.279991,,81.710001,149.71000700000002,88.139999
586.190025,,75.999997,148.639999,87.610001
575.849976,,86.650001,147.589996,87.190002
538.7900089999999,,83.36999899999999,148.059998,87.730003
547.239975,,86.17000300000001,148.470001,88.0
533.2500150000001,,85.97999899999999,148.550003,88.599998
529.819977,,84.799998,148.660004,88.410004
541.3900150000001,,86.080001,148.899994,88.989998
539.0,,90.73,147.880005,89.449997
529.689987,,92.560002,147.199997,88.58000200000001
509.78998600000006,,93.299999,146.820007,88.08000200000001
518.829979,,94.699998,149.130005,88.870003
533.900017,,95.639999,150.720001,89.559998
526.3099900000001,,93.980001,149.160004,88.440002
521.7300190000001,,93.499997,152.46000700000002,88.889999
519.330017,,91.340001,150.770004,87.230003
520.169983,,90.230002,151.179993,86.91999799999999
512.999992,,90.649999,149.759995,87.07
515.060013,,90.500002,149.399994,86.860001
509.589981,,89.33000200000001,148.649994,85.099998
532.169991,,92.590003,151.580002,86.550003
549.029976,28.0,92.010003,155.380005,88.709999
542.099991,27.77,96.590001,155.5,88.550003
526.999992,28.76,95.98,156.770004,88.959999
523.900002,29.42,99.200001,157.889999,87.93
525.31002,29.059999,97.160001,159.360001,88.480003
517.100006,30.59,95.909999,161.78999299999998,88.139999
523.509979,31.299999,98.0,160.509995,89.099998
520.300026,31.719999,101.290002,161.160004,89.610001
501.750015,30.950001,103.449998,160.649994,89.58000200000001
485.920013,30.1,101.689998,160.449997,89.529999
506.089981,29.85,97.480001,160.199997,89.470001
502.68002300000006,30.139999,97.7,159.880005,90.199997
500.000015,29.66,99.17,158.270004,90.800003
504.770004,30.73,97.810002,159.050003,90.919998
514.010002,30.82,103.26,159.050003,90.699997
450.499977,31.08,146.859997,159.559998,91.349998
439.880001,31.540001,169.55999599999998,159.839996,91.730003
449.830002,32.470001,162.109999,156.350006,91.110001
458.269981,30.790001,169.119999,156.660004,91.760002
456.830002,31.24,167.700006,155.009995,90.669998
455.48999800000007,30.98,165.240004,157.910004,89.970001
453.619995,29.73,164.799994,158.559998,90.040001
442.320004,28.110001,174.739994,156.649994,89.150002
457.840012,28.639999,174.389999,159.529999,89.739998
457.350014,29.049999,184.410002,160.820007,89.790001
468.220009,28.65,181.959999,157.059998,88.25
474.980003,28.549999,180.970003,157.800003,88.610001
479.93002300000006,28.26,177.889999,156.330002,88.279999
467.900002,27.370001,177.950001,156.800003,88.459999
467.009995,27.91,186.270004,154.770004,88.66999799999999
466.590012,28.5,187.400003,155.979996,88.519997
460.16001100000005,28.32,189.509998,157.990005,88.360001
459.990021,28.93,196.449997,157.610001,89.32
448.850006,28.459999,187.119997,155.419998,88.970001
446.060009,27.280001,187.149998,157.440002,88.589996
450.80999800000006,27.129999,179.860004,159.429993,89.199997
442.799988,27.27,179.320005,155.889999,87.699997
448.970009,27.389999,184.089994,157.830002,88.510002
444.569988,26.870001,184.32,159.869995,89.529999
441.400009,27.25,188.080006,158.639999,89.550003
430.470013,27.780001,189.369995,158.080002,89.43
420.049988,27.719999,181.209995,159.5,88.949997
431.139988,27.52,181.729994,160.28999299999998,89.610001
425.659996,27.450001,182.939995,161.059998,89.559998
430.580002,28.58,181.560003,160.509995,88.709999
431.720001,27.959999,184.699995,160.669998,88.970001
437.869995,28.139999,180.450005,161.179993,89.160004
428.429993,27.83,182.110003,159.800003,89.160004
428.349991,27.08,192.359997,159.369995,89.260002
432.499992,27.040001,188.369999,160.660004,89.83000200000001
443.660007,26.65,184.849998,158.550003,89.370003
455.720016,26.49,185.590002,158.070007,88.769997
454.489975,26.549999,181.369999,156.0,88.58000200000001
452.079987,25.860001,183.049997,159.330002,88.629997
452.729988,25.74,181.99,157.800003,88.16999799999999
461.91001100000005,25.73,181.299997,160.089996,89.290001
463.580009,25.129999,180.789999,164.0,89.019997
461.140007,25.209999,190.609997,167.46000700000002,90.129997
452.079987,26.09,190.240002,168.660004,90.580002
442.66001100000005,25.58,189.280006,169.839996,90.110001
428.910004,25.530001,182.429996,167.350006,90.769997
429.789997,25.42,176.689999,167.949997,90.580002
431.989994,26.25,169.74,164.75,89.93
427.71999000000005,27.07,166.689997,166.479996,89.769997
423.199993,27.389999,164.660004,165.160004,89.010002
426.209995,26.85,163.059994,166.28999299999998,88.599998
426.98,26.59,169.360004,164.75,88.769997
435.689999,27.57,166.069996,166.990005,88.68
434.32999400000006,28.02,173.009995,167.619995,89.220001
429.800011,27.4,173.199999,165.75,88.989998
419.85001,26.52,176.499994,161.28999299999998,86.489998
426.240009,26.92,175.850006,164.71000700000002,86.610001
402.800007,26.629999,169.360004,162.229996,86.08000200000001
392.049988,25.690001,163.819998,161.410004,86.620003
390.530006,25.73,163.370001,163.96000700000002,87.449997
398.670006,25.969999,174.369999,163.529999,88.089996
406.12999,25.98,216.99,165.660004,89.300003
405.459988,26.110001,216.719994,167.059998,89.43
408.380001,26.139999,213.750006,168.759995,88.07
417.199989,26.85,215.549994,167.229996,88.0
430.119991,26.98,215.00999500000003,167.899994,88.209999
442.779987,27.77,216.070005,168.46000700000002,88.989998
439.290001,27.43,212.91,166.020004,87.510002
445.519997,28.969999,214.489996,175.399994,88.629997
449.980019,28.309999,213.449999,179.53999299999998,90.019997
460.709984,27.57,210.690002,178.889999,90.580002
458.660004,26.889999,206.249994,179.78999299999998,91.150002
463.839989,27.120001,208.609995,179.259995,91.699997
456.7699740000001,27.040001,216.41,178.580002,91.029999
452.969994,26.68,217.690002,178.75,90.139999
454.740021,26.82,229.37999,178.929993,90.099998
443.860012,27.07,233.970001,180.320007,91.110001
428.850002,26.6,243.39999,181.759995,91.239998
434.580013,26.129999,237.029991,179.800003,90.699997
433.26001,26.25,238.999996,184.570007,91.760002
442.930004,25.76,239.549995,181.610001,92.519997
439.659996,25.66,237.089993,181.550003,92.800003
441.349995,25.16,228.559998,180.139999,92.190002
442.1399990000001,25.059999,226.179996,178.100006,91.790001
445.150002,24.309999,228.740002,180.449997,91.529999
441.44001,24.1,214.190002,180.029999,92.379997
444.949997,23.32,215.340002,178.139999,92.080002
451.580002,24.549999,222.659996,181.029999,92.089996
449.730026,24.35,226.250011,178.139999,90.470001
450.720009,23.85,221.969994,180.190002,91.459999
449.30999,23.52,225.30999,180.199997,90.790001
445.110001,22.9,223.460001,177.220001,89.650002
438.459995,22.969999,217.740004,179.350006,90.230003
441.810005,23.290001,220.219994,179.940002,91.449997
438.889992,24.33,220.929996,182.330002,91.120003
437.600002,24.030001,214.459995,179.660004,90.459999
432.189999,23.77,207.639999,179.149994,89.739998
435.959991,23.73,215.390003,182.25,91.330002
430.050003,23.629999,213.989998,180.929993,90.580002
432.000008,24.02,229.23,182.350006,91.510002
431.769989,24.209999,228.82999,184.009995,91.93
422.999989,24.309999,232.30999,182.630005,91.0
416.840008,23.9,223.520002,178.46000700000002,89.050003
413.500011,24.530001,216.899998,179.5,89.480003
402.540001,23.940001,215.599995,178.270004,88.480003
402.62999,24.25,212.9,180.470001,89.110001
398.069992,24.16,212.099995,182.649994,89.800003
393.779987,24.66,214.969994,184.259995,90.040001
396.53001,24.879999,211.089998,182.75,90.349998
409.219994,24.809999,224.280006,185.220001,90.300003
418.490005,24.41,221.459995,185.240005,90.639999
420.799992,24.52,220.909996,187.039993,90.690002
417.419994,24.370001,225.099998,190.789993,91.57
415.050007,24.709999,233.099995,188.100006,92.25
422.349987,25.48,247.380001,187.199997,93.339996
420.730003,25.799999,243.82,186.699997,92.82
427.289993,25.809999,244.169994,189.960007,93.269997
426.51000199999993,25.91,257.259987,190.720001,93.400002
427.44001,26.280001,257.98000299999995,190.25,93.25
430.199993,26.32,260.480007,189.380005,93.300003
430.310009,26.65,267.91999100000004,189.639999,93.459999
431.76000199999993,26.18,266.409996,191.009995,94.379997
424.949993,25.879999,264.579994,189.919998,95.169998
426.30999800000006,26.049999,261.959988,191.220001,94.830002
418.98999,26.129999,250.259987,188.580002,95.199997
440.51000199999993,26.51,241.299995,186.75,94.989998
438.499996,34.360001000000004,246.740013,194.610001,94.970001
440.990013,34.009998,246.30999,193.199997,94.790001
447.790009,35.43,244.959999,191.970001,94.029999
453.320015,37.630001,243.759998,191.440002,93.809998
452.529984,36.799999,244.479988,177.009995,93.75
456.679985,37.490002,249.119987,179.169998,92.730003
462.53998600000006,38.049999,246.18,184.0,91.949997
469.449997,39.189999,253.839989,184.539993,91.589996
465.250008,38.549999,255.900009,182.889999,91.470001
464.979988,38.869999,249.210003,181.389999,91.339996
461.010017,38.540001,250.39999,180.779999,91.779999
454.449974,38.5,252.750004,179.809998,90.720001
467.360016,38.220001,256.599998,179.759995,89.889999
489.569977,37.02,259.189991,179.229996,89.400002
498.500008,36.650002,261.809998,178.350006,88.949997
497.909981,36.560001,253.409992,173.929993,88.160004
502.330002,37.080002,258.87001000000004,173.130005,87.910004
507.740005,37.810001,259.779991,174.979996,86.91999799999999
501.07,38.41,273.28999300000004,173.220001,86.83000200000001
502.360016,38.32,270.370007,178.389999,86.41999799999999
502.959976,38.549999,269.749992,178.919998,86.980003
501.020012,40.549999,278.35998900000004,179.100006,87.519997
502.970016,41.34,282.720009,175.0,87.089996
488.589981,39.639999,276.039989,174.169998,86.82
490.8999940000001,40.549999,283.359997,175.21000700000002,88.839996
491.700012,41.279999,287.850006,175.369995,87.269997
487.220016,41.290001,283.909996,174.419998,87.160004
488.57999400000006,41.869999,288.999992,177.020004,87.150002
498.690025,41.779999,292.430004,176.190002,87.760002
495.2699740000001,42.66,295.110012,176.21000700000002,87.349998
498.220001,43.950001,291.539997,176.669998,87.25
506.169983,44.040001,294.14999,178.550003,88.040001
494.6399990000001,43.599998,313.060009,184.589996,87.82
467.709984,45.040001,308.300007,186.309998,88.839996
472.690018,44.75,301.409996,185.059998,87.980003
464.899986,44.310001,305.650013,189.0,88.400002
450.119995,42.509998,302.16,189.380005,88.66999799999999
455.320007,45.07,299.550007,191.600006,88.940002
464.680008,45.23,306.920002,193.649994,89.58000200000001
472.299995,45.98,305.499996,194.710007,89.279999
467.410004,47.490002,313.830013,198.830002,88.660004
490.64001500000006,47.189999,302.039997,196.240005,87.75
489.100006,48.450001,306.490005,193.339996,87.360001
481.530006,49.459999,307.140007,191.559998,87.139999
486.219994,50.389999,313.51000600000003,193.559998,87.07
482.750008,51.240002,312.399994,193.050003,86.900002
476.749977,50.23,309.209988,191.100006,86.040001
487.960007,50.419998,324.620007,193.220001,86.0
489.55999,50.279999,330.73,191.820007,86.08000200000001
483.409996,49.18,321.719994,188.649994,85.5
483.030014,51.040001,327.259987,190.479996,86.32
487.750015,50.52,318.159992,186.330002,85.900002
480.93998,47.139999,302.320004,182.529999,85.510002
486.589989,46.77,288.429993,183.850006,85.160004
489.639992,49.049999,303.990002,189.029999,86.040001
492.80999800000006,49.110001,300.85001,192.199997,86.949997
496.039978,49.509998,324.36000099999995,193.440002,87.599998
498.679985,49.5,321.690006,191.369995,86.790001
501.110001,51.139999,322.879993,195.630005,87.309998
504.499985,52.209999,330.099998,198.279999,87.480003
508.889992,54.220001,333.499996,200.449997,87.550003
521.3600230000001,53.849998,354.989994,200.039993,87.230003
519.870003,52.68,322.520012,199.979996,87.980003
524.959999,51.900002,330.240002,198.889999,87.610001
531.910011,52.450001,331.21999700000003,202.910004,88.41999799999999
525.960022,51.950001,328.029991,203.059998,87.970001
529.880005,50.23,314.000004,203.080002,88.230003
516.680023,49.400002,327.299988,204.240005,88.93
524.900024,49.009998,318.139992,203.820007,88.809998
522.699974,50.209999,322.480011,196.669998,89.620003
520.030006,49.75,329.269993,199.160004,89.82
526.75,48.220001,337.60001,196.419998,92.099998
525.4499969999999,50.110001,341.499992,197.369995,91.989998
520.920013,49.119999,335.630005,199.020004,93.220001
512.490021,47.560001,326.860004,196.100006,91.959999
520.5600049999999,47.529999,334.90000200000003,198.289993,92.730003
519.050011,46.200001,337.910004,199.270004,92.959999
520.009979,46.610001,333.729988,198.270004,92.669998
520.6300200000001,48.709999,335.28001,199.779999,92.589996
528.160019,48.990002,342.570004,200.149994,93.220001
524.990013,49.009998,349.759995,202.0,95.269997
518.6299740000001,45.830002,341.770012,199.899994,95.449997
519.549995,46.360001,337.289989,197.389999,95.419998
514.9999849999999,46.43,339.52,198.119995,94.68
521.139992,46.700001,348.499992,201.610001,94.690002
519.799988,46.23,347.849991,202.119995,95.010002
523.739998,44.82,350.240005,201.929993,95.089996
533.399979,45.889999,355.200012,203.520004,94.269997
545.959999,46.490002,362.490005,203.990005,93.800003
556.069977,47.009998,365.799988,203.460007,93.480003
551.230026,47.060001,363.919998,205.130005,93.519997
566.319984,46.73,362.940002,201.75,94.389999
565.000008,48.619999,356.26999700000005,202.740005,94.669998
567.899994,48.34,358.059998,201.710007,94.129997
560.019974,47.939999,354.439995,201.869995,95.650002
566.43,48.84,355.67001,201.589996,95.839996
565.54998,50.25,363.100006,199.429993,95.709999
561.3599780000001,49.380001,363.98,205.660004,94.260002
560.539986,51.830002,373.330013,203.440002,95.360001
554.429993,53.32,368.969994,207.360001,95.309998
557.500023,53.810001,366.310013,207.75,97.220001
554.990005,54.860001,374.869995,213.25,96.75
550.769989,55.57,376.240013,215.350006,99.540001
544.4599910000001,55.049999,376.739998,216.080002,99.43
549.019989,55.119999,375.669987,215.970001,98.68
570.090004,57.77,380.580006,218.02999900000003,98.510002
567.669975,57.959999,378.389996,218.729996,99.220001
563.900009,57.73,376.929989,220.199997,100.900002
560.089989,55.439999,367.5,219.669998,101.510002
554.5199809999999,53.709999,366.990002,220.910004,100.309998
561.019997,54.650002,368.170002,222.679993,101.199997
553.12999,54.709999,362.82,221.00999500000003,99.75
540.9800190000001,54.560001,363.100006,221.160004,99.510002
543.929993,57.200001,359.569992,219.830002,99.660004
540.040024,57.919998,339.5,221.50999500000003,101.07
543.460022,58.23,340.989994,222.220001,100.739998
536.519997,57.220001,337.050011,221.910004,99.760002
532.9399950000001,57.939999,332.139992,221.130005,100.519997
535.7300190000001,55.91,336.810005,218.899994,98.550003
546.3900219999999,57.740002,337.959991,222.649994,99.120003
557.3599929999999,57.599998,330.380005,223.75999500000003,98.779999
554.2500150000001,57.189999,331.680008,221.770004,98.940002
540.6699980000001,56.299999,330.039997,232.179993,99.160004
549.069977,58.509998,328.710007,231.929993,98.5
551.509979,57.509998,333.729988,232.990005,97.879997
556.179993,56.630001,388.720005,228.25,96.970001
546.070015,54.450001,386.079998,221.25,94.849998
550.500023,53.549999,381.230007,216.220001,94.919998
506.499977,55.139999,406.770004,220.960007,95.650002
500.749992,53.529999,400.420006,217.119995,95.110001
499.779984,61.080002,404.67001,220.880005,93.989998
500.599976,62.57,409.330009,215.429993,92.160004
501.529984,61.48,404.37999,213.470001,90.050003
508.790016,62.75,405.910011,214.539993,90.019997
512.589996,62.189999,404.419991,215.610001,89.58000200000001
512.509995,62.16,407.910004,219.00999500000003,89.800003
519.679985,64.32,429.979988,221.77999900000003,90.580002
528.989998,63.549999,430.439999,220.550003,89.519997
535.959984,64.849998,433.990013,222.330002,90.839996
535.919983,64.449997,428.930004,224.169998,91.080002
544.429977,67.33000200000001,436.549992,224.050003,91.43
543.990021,67.089996,435.509995,226.0,94.110001
545.990013,67.300003,436.849998,226.059998,94.07
537.370003,68.059998,428.229988,223.880005,93.949997
531.149994,69.629997,434.950008,223.460007,95.370003
525.249992,68.589996,432.23,223.360001,95.029999
527.550018,70.779999,447.000004,226.190002,96.440002
522.060013,69.849998,453.030022,227.110001,96.309998
517.349998,69.260002,448.789978,226.110001,95.790001
527.670021,68.940002,452.230003,226.27999900000003,95.839996
526.239975,68.459999,445.630013,225.940002,96.269997
527.76001,67.410004,445.590012,221.440002,95.5
531.239983,68.800003,454.980026,225.5,96.519997
532.360008,71.57,453.499992,222.809998,93.800003
530.7499849999999,70.839996,450.510017,223.860001,93.760002
530.440018,69.800003,448.369995,225.559998,94.989998
530.919975,72.029999,439.949989,225.5,95.5
536.0899730000001,70.099998,437.48,227.179993,94.010002
536.6099849999999,70.879997,436.580006,226.100006,94.209999
530.650009,68.83000200000001,430.05999,220.77999900000003,93.639999
524.68998,67.720001,424.490009,220.770004,93.470001
526.740013,68.739998,422.720009,223.77999900000003,94.32
531.399986,69.190002,420.249992,226.410004,94.709999
531.26001,68.239998,420.089989,223.820007,93.730003
528.700005,66.970001,424.270004,221.820007,94.580002
532.8699799999999,67.239998,405.990013,223.369995,94.309998
539.190018,64.099998,378.899994,220.75,94.639999
544.98999,64.889999,370.839996,218.399994,94.910004
539.779991,60.389999,372.280003,215.679993,94.699997
537.4599910000001,60.970001,364.180004,215.770004,96.239998
536.8599780000001,60.009998,358.870003,212.089996,97.699997
536.739975,60.240002,352.030006,215.860001,97.68
541.649994,62.619999,364.690002,214.699997,97.730003
542.549988,62.720001,362.880001,214.660004,97.949997
538.7900089999999,59.490002,354.68998700000003,215.00999500000003,97.93
531.820023,56.75,337.30999,207.699997,97.360001
523.4699780000001,56.950001,337.999992,203.410004,96.779999
523.440018,58.189999,348.889988,202.589996,97.449997
530.320015,62.41,353.030003,207.539993,97.330002
523.4800190000001,59.16,334.730011,201.550003,96.779999
519.6100230000001,58.529999,326.709988,196.630005,96.720001
521.679977,58.889999,331.580006,201.009995,97.860001
517.959999,59.09,326.27000400000003,204.050003,98.68
519.01001,59.720001,331.409988,209.360001,99.940002
524.940025,58.939999,345.740009,207.949997,100.419998
531.170021,61.240002,348.490005,209.130005,100.93
531.70002,63.029999,372.89999,209.970001,100.370003
524.750008,61.360001,353.5,208.820007,100.5
567.770004,60.869999,344.070011,209.399994,100.010002
571.93998,57.709999,322.080002,198.929993,100.410004
594.0900190000001,56.139999,314.209995,201.419998,101.169998
592.329979,58.150002,319.869991,202.669998,101.449997
590.089981,59.779999,322.040001,202.610001,102.410004
591.480026,61.150002,336.520012,206.089996,101.410004
592.580025,60.459999,340.650013,204.419998,102.010002
600.959976,61.220001,344.380005,207.130005,102.910004
594.4100269999999,58.529999,326.190002,205.360001,102.669998
592.329979,57.389999,320.53999300000004,208.699997,103.110001
587.990013,56.759998,321.659992,210.899994,102.32
585.540024,57.240002,328.550003,210.809998,101.949997
592.830017,59.830002,345.449989,211.699997,102.230003
593.760025,59.830002,347.139988,212.059998,102.360001
593.869987,59.23,351.87999,209.860001,102.290001
588.819992,57.919998,344.18998700000003,207.449997,100.779999
597.510017,58.02,349.879997,209.809998,100.739998
604.5900190000001,59.209999,364.500011,210.360001,100.870003
604.710022,58.560001,371.670002,207.919998,100.669998
606.3100049999999,60.490002,390.599995,210.100006,102.029999
607.269974,60.52,391.799995,209.369995,101.5
614.129997,61.349998,402.35001,212.070007,101.32
625.6300200000001,63.48,398.810009,214.5,101.360001
624.01001,63.509998,401.239998,213.800003,101.059998
635.37999,63.830002,415.199997,214.669998,101.269997
633.0000150000001,63.299999,417.82999,214.830002,100.529999
628.650009,63.080002,422.059994,213.520004,99.940002
637.539986,62.869999,417.570011,211.320007,100.389999
644.819992,63.34,423.210007,211.429993,100.040001
647.349983,63.189999,428.349991,212.220001,100.550003
645.570023,62.5,430.130005,213.0,101.599998
93.699997,62.880001,423.090004,212.580002,101.519997
94.25,65.769997,428.289989,214.25,101.459999
93.860001,65.779999,429.999989,212.679993,101.949997
92.290001,64.290001,422.449989,211.770004,101.660004
91.279999,64.5,427.710003,211.289993,102.650002
92.199997,64.190002,430.259995,210.240005,102.919998
92.080002,64.400002,443.6499940000001,210.809998,102.419998
92.18,65.599998,448.680016,211.25,102.730003
91.860001,64.339996,441.389996,210.320007,102.629997
90.910004,64.5,440.180008,209.490005,103.830002
90.830002,65.370003,439.519993,209.470001,104.379997
90.279999,65.720001,436.360001,207.789993,102.730003
90.360001,67.440002,444.210007,209.059998,102.139999
90.900002,67.129997,439.610008,208.960007,102.029999
91.980003,67.599998,442.0799980000001,209.279999,101.209999
92.93,67.290001,440.599991,210.710007,100.68
93.519997,68.059998,473.100014,214.25,101.360001
93.480003,66.449997,466.739975,214.839996,101.57
94.029999,66.290001,472.349983,216.50999500000003,102.589996
95.970001,65.290001,460.619995,216.740005,102.650002
95.349998,62.759998,445.049999,215.25999500000003,102.830002
95.389999,64.970001,442.999992,216.160004,103.550003
95.040001,64.870003,438.550011,215.539993,102.57
95.220001,66.339996,439.960003,217.0,101.739998
96.449997,67.900002,452.580025,221.02999900000003,102.68
95.32,67.16999799999999,449.090012,221.77999900000003,102.389999
94.779999,67.660004,444.439999,222.669998,103.769997
93.089996,66.410004,439.359989,217.880005,102.309998
94.43,68.41999799999999,444.170006,220.199997,102.730003
93.940002,69.400002,451.949997,219.220001,103.080002
94.720001,69.269997,431.09,221.25999500000003,103.540001
97.190002,71.290001,427.8999940000001,221.199997,104.25
97.029999,74.980003,425.37999,222.740005,104.279999
97.669998,75.190002,421.859989,214.770004,103.18
99.019997,74.91999799999999,424.66,214.220001,104.370003
98.379997,73.709999,424.279991,213.5,103.550003
98.150002,74.68,434.360008,214.059998,103.25
95.599998,72.650002,422.720009,211.00999500000003,98.940002
96.129997,72.360001,425.39999000000006,211.809998,98.800003
95.589996,73.510002,422.700008,212.160004,100.129997
95.120003,72.690002,422.849998,210.539993,98.199997
94.959999,72.470001,430.299995,210.690002,98.980003
94.480003,73.16999799999999,449.669998,209.039993,98.269997
94.739998,73.059998,445.849991,210.460007,99.739998
95.989998,73.440002,451.540001,210.580002,98.730003
95.970001,72.83000200000001,446.410004,210.300003,98.489998
97.239998,73.769997,451.530014,211.429993,99.089996
97.5,74.300003,450.870026,212.520004,99.089996
97.980003,73.629997,459.089973,210.190002,99.029999
99.160004,74.589996,465.999985,214.320007,99.519997
100.529999,75.290001,468.1499940000001,215.0,99.489998
100.57,74.809998,472.18998,216.199997,99.699997
100.580002,74.57,472.050003,215.75,99.279999
101.32,74.57,479.18998,216.089996,98.5
101.540001,75.019997,480.929993,216.020004,98.75
100.889999,75.959999,479.36002300000007,216.729996,99.639999
102.129997,74.629997,474.699997,217.130005,99.529999
102.25,73.860001,475.210022,214.600006,99.57
102.5,74.82,477.639984,212.520004,99.459999
103.300003,76.68,476.600014,214.729996,98.489998
98.940002,75.83000200000001,477.389992,214.899994,99.110001
98.120003,75.949997,472.669991,214.25999500000003,98.360001
98.970001,77.260002,475.679993,214.210007,99.260002
98.360001,77.889999,479.330009,215.770004,97.769997
97.989998,76.66999799999999,479.01000199999993,214.27999900000003,97.389999
101.0,77.43,484.389992,216.880005,96.809998
101.43,77.91999799999999,481.56002,214.949997,97.029999
101.660004,77.480003,476.550026,214.039993,95.779999
101.629997,74.58000200000001,457.75002300000006,214.639999,96.290001
100.860001,76.08000200000001,456.910004,217.300003,97.43
101.580002,76.43,454.529976,215.52999900000003,97.080002
101.790001,77.0,459.010025,216.440002,96.610001
100.959999,77.910004,457.520004,216.25,97.120003
101.059998,76.800003,442.779987,213.880005,96.540001
102.639999,78.290001,443.900013,212.460007,96.029999
101.75,78.540001,450.560005,214.410004,95.82
97.870003,77.220001,443.48999,210.710007,94.25
100.75,78.790001,448.749977,211.940002,95.43
100.110001,79.0,449.5599820000001,210.929993,94.43
100.75,79.040001,451.179993,213.369995,94.050003
99.18,76.550003,438.800003,210.00999500000003,92.860001
99.900002,77.08000200000001,449.980019,209.720001,93.300003
99.620003,77.440002,459.540024,211.990005,93.919998
99.620003,77.559998,463.47998,211.789993,94.519997
98.75,76.290001,456.250015,208.050003,93.370003
100.800003,77.519997,466.859978,212.360001,94.610001
101.019997,75.910004,461.620018,207.710007,91.82
100.730003,72.910004,452.079987,204.979996,91.599998
99.809998,72.989998,438.5799980000001,204.279999,90.839996
98.75,73.589996,449.120026,202.720001,90.550003
97.540001,73.209999,448.589973,200.25,90.220001
96.260002,72.629997,361.700001,203.0,90.599998
97.669998,75.949997,357.089989,206.0,91.209999
99.760002,76.949997,359.21999700000003,207.850006,91.769997
102.470001,78.690002,365.990005,213.309998,93.650002
102.989998,78.370003,374.64999,210.919998,93.129997
104.830002,80.040001,383.040009,214.27999900000003,94.110001
105.220001,80.66999799999999,385.02,213.479996,94.489998
105.110001,80.279999,379.400005,213.410004,93.709999
106.739998,80.769997,386.220001,216.710007,95.099998
107.339996,75.860001,378.100002,214.660004,94.589996
106.980003,74.110001,379.01001,236.649994,94.449997
108.0,74.989998,392.770004,241.429993,96.709999
109.400002,73.879997,388.410011,241.539993,95.260002
108.599998,75.760002,382.780003,242.970001,94.519997
108.860001,74.83000200000001,380.380001,249.52999900000003,95.07
108.699997,75.260002,383.299988,250.089996,96.260002
109.010002,75.599998,384.160007,252.429993,96.589996
108.830002,75.0,387.270012,250.210007,96.279999
109.699997,74.610001,382.550011,249.729996,96.410004
111.25,74.720001,383.860001,251.949997,95.379997
112.82,74.25,379.409992,250.919998,94.660004
114.18,74.879997,386.039997,248.839996,95.089996
113.989998,74.239998,381.139992,249.800003,95.110001
115.470001,74.339996,381.030003,249.729996,94.870003
114.669998,73.33000200000001,363.100006,249.860001,95.610001
116.309998,73.599998,368.139988,251.669998,95.82
116.470001,73.75,360.27999500000004,254.220001,96.809998
118.629997,74.010002,356.470001,254.619995,95.720001
117.599998,75.629997,348.98999,257.26001,94.779999
119.0,77.620003,351.16,257.26001,94.480003
118.93,77.699997,346.589989,258.190002,90.540001
115.07,75.099998,341.810013,258.149994,92.349998
114.629997,75.459999,352.310013,260.01001,94.190002
115.93,74.879997,355.12001000000004,261.600006,94.949997
115.489998,75.239998,350.599987,261.140015,94.370003
115.0,76.360001,350.919994,263.350006,93.82
112.400002,76.519997,339.48,263.100006,91.699997
114.120003,76.839996,343.779991,264.140015,91.379997
111.949997,76.18,334.319988,261.720001,88.66999799999999
111.620003,77.730003,334.630009,263.119995,89.199997
109.730003,77.83000200000001,334.479992,256.77999900000003,86.599998
108.230003,76.989998,327.040009,256.700012,86.900002
106.75,74.690002,316.440006,253.410004,86.410004
109.410004,76.110001,333.650013,259.079987,89.019997
112.650002,78.400002,334.41999100000004,264.160004,91.160004
111.779999,79.879997,340.11998700000004,261.670013,93.639999
112.940002,81.449997,336.67998900000003,264.209991,93.330002
112.540001,80.610001,336.429996,265.26001,94.589996
112.010002,80.769997,342.100006,267.630005,93.779999
113.989998,80.779999,340.049999,266.619995,93.209999
113.910004,80.019997,341.92998900000003,265.429993,93.07
112.519997,79.220001,343.229992,264.549988,93.019997
110.379997,78.019997,341.610008,262.200012,92.449997
109.330002,78.449997,348.940002,265.019989,92.830002
106.25,77.190002,331.179996,259.170013,90.290001
106.260002,76.150002,325.509987,257.5,89.809998
107.75,76.150002,327.200012,260.950012,90.720001
111.889999,78.18,334.459991,264.450012,92.230003
112.010002,77.739998,329.28999300000004,260.52999900000003,92.099998
109.25,76.720001,318.829994,260.019989,90.330002
110.220001,76.449997,323.790001,260.77999900000003,90.0
109.800003,76.279999,324.239998,255.559998,89.739998
106.82,74.050003,323.759987,253.130005,88.959999
105.989998,75.18,337.340004,254.949997,91.120003
108.720001,76.239998,348.799999,256.839996,91.089996
109.550003,76.739998,409.279995,257.27999900000003,91.870003
112.400002,77.650002,428.440006,257.600006,92.870003
112.980003,77.83000200000001,437.459999,258.290009,90.889999
113.099998,77.5,446.559994,256.52999900000003,91.760002
109.139999,75.779999,454.170021,250.990005,90.949997
115.309998,76.239998,442.460007,246.360001,87.949997
118.900002,78.0,443.800011,248.0,87.58000200000001
117.160004,75.910004,441.799992,254.910004,87.41999799999999
118.629997,74.989998,441.069988,255.339996,89.58000200000001
118.650002,75.400002,456.919991,259.790009,92.25
119.559998,75.629997,448.709976,264.890015,91.459999
119.940002,75.610001,448.909981,271.799988,92.360001
118.93,74.470001,444.359997,267.420013,91.5
119.720001,74.440002,443.070007,265.459991,91.559998
122.019997,75.190002,453.949989,264.549988,91.010002
124.879997,76.510002,454.889984,265.98999,90.599998
126.459999,76.230003,456.730026,270.910004,92.370003
127.080002,75.739998,466.100014,269.630005,93.370003
127.830002,75.599998,469.960022,270.869995,93.050003
128.720001,76.709999,475.060005,269.119995,91.010002
128.449997,79.41999799999999,474.600021,269.100006,89.440002
129.5,79.900002,478.199997,273.0,89.91999799999999
133.0,78.839996,471.840012,273.01001,89.010002
132.169998,78.449997,474.879974,272.470001,89.41999799999999
128.78999299999998,79.559998,478.329987,273.01001,89.599998
130.419998,80.410004,483.030014,273.75,88.650002
128.46000700000002,78.970001,474.909988,271.309998,88.540001
129.089996,79.75,480.249977,278.290009,88.040001
129.360001,79.599998,474.709984,275.299988,87.620003
128.53999299999998,80.900002,469.770004,273.75,87.18
126.410004,81.209999,467.650009,274.130005,86.739998
126.599998,80.010002,454.11998,269.339996,85.629997
127.139999,79.440002,445.630013,271.420013,85.160004
124.510002,77.550003,435.05999800000006,265.200012,84.260002
122.239998,77.57,440.189995,264.75,84.019997
124.449997,78.93,448.320007,269.579987,84.220001
123.589996,78.050003,438.3999940000001,265.02999900000003,83.870003
124.949997,78.07,421.970005,269.019989,84.760002
127.040001,79.360001,418.519993,264.5,84.08000200000001
128.470001,80.910004,423.119991,267.670013,86.07
127.5,82.75,425.209999,66.809998,84.410004
125.900002,83.800003,428.300003,67.410004,84.540001
127.209999,84.43,425.000008,67.08000200000001,85.43
126.690002,85.309998,438.279991,67.099998,84.519997
123.379997,82.91999799999999,421.75,65.730003,84.860001
124.239998,83.010002,418.259987,65.589996,84.32
123.25,83.300003,414.77,65.540001,83.58000200000001
126.370003,83.199997,422.569992,65.660004,85.629997
124.43,82.220001,416.689991,65.410004,85.0
124.25,81.66999799999999,413.120003,65.18,84.459999
125.32,81.559998,414.079998,65.290001,84.300003
127.349998,82.440002,422.310013,65.199997,85.129997
126.010002,82.32,423.459999,65.800003,85.75
125.599998,82.279999,441.349995,66.5,84.059998
126.559998,82.16999799999999,439.499992,66.440002,84.650002
127.099998,82.040001,454.569977,66.339996,85.559998
126.849998,83.010002,474.68002300000006,65.610001,85.339996
126.300003,83.519997,478.710022,65.529999,86.629997
126.779999,82.709999,475.460014,65.68,88.08000200000001
126.169998,82.309998,562.04998,65.650002,87.730003
124.75,80.779999,571.550011,64.519997,86.93
127.599998,83.089996,567.3900219999999,64.720001,87.239998
126.910004,83.620003,560.4400099999999,65.349998,86.879997
128.619995,84.629997,557.68,68.010002,87.459999
129.669998,82.410004,559.0600049999999,67.720001,87.540001
130.279999,81.529999,558.400017,67.480003,86.970001
132.649994,81.910004,566.079979,67.099998,87.010002
130.559998,80.68,563.0599900000001,66.769997,87.800003
128.639999,80.470001,562.849998,67.339996,87.870003
125.150002,78.769997,556.5,66.050003,87.370003
128.949997,78.989998,557.029999,65.769997,88.849998
128.699997,78.809998,554.900017,65.58000200000001,89.110001
125.800003,77.559998,565.54998,65.959999,88.610001
125.010002,78.099998,560.539986,65.66999799999999,88.190002
125.260002,78.43,565.240013,66.58000200000001,87.599998
127.620003,78.510002,574.600014,69.470001,88.989998
126.32,78.010002,589.950005,69.019997,86.779999
125.870003,77.459999,583.6400070000001,68.690002,87.019997
126.010002,78.440002,580.1099929999999,68.650002,86.559998
128.949997,81.370003,586.850014,70.0,86.970001
128.770004,80.41999799999999,613.249977,69.57,87.349998
130.190002,80.879997,617.870003,70.0,86.849998
130.070007,80.629997,616.480011,70.160004,86.989998
130.059998,80.550003,621.530006,69.779999,87.129997
131.389999,80.480003,623.019974,69.370003,87.209999
132.53999299999998,80.540001,621.869987,69.620003,86.519997
129.619995,79.33000200000001,615.950012,68.540001,85.349998
132.03999299999998,80.550003,628.999977,69.489998,85.110001
131.779999,80.150002,626.549988,69.559998,85.110001
130.279999,79.190002,624.0599980000001,68.68,85.199997
130.53999299999998,80.290001,623.019974,69.110001,85.129997
129.96000700000002,80.440002,623.9099809999999,69.040001,85.139999
130.119995,82.440002,621.659996,68.949997,84.949997
129.360001,82.050003,625.4400019999999,68.209999,84.220001
128.649994,82.139999,633.219994,68.370003,84.279999
127.800003,80.66999799999999,627.230003,67.68,84.849998
127.419998,80.66999799999999,647.149979,67.949997,84.58000200000001
128.880005,82.160004,671.100006,69.629997,85.209999
128.589996,81.83000200000001,665.659988,69.639999,85.089996
127.169998,81.529999,660.93,69.33000200000001,84.019997
126.919998,80.709999,654.019989,68.57,83.720001
127.599998,81.059998,666.910004,69.010002,84.68
127.300003,81.790001,659.900017,68.75,84.730003
127.879997,82.910004,663.200012,69.5,85.480003
126.599998,82.510002,657.100006,68.690002,85.209999
127.610001,84.739998,674.899986,69.089996,85.16999799999999
127.029999,87.879997,681.1900099999999,69.41999799999999,85.07
128.110001,88.860001,678.6099780000001,68.860001,84.68
127.5,87.980003,664.239983,68.620003,83.93
126.75,88.010002,651.619987,68.75,83.860001
124.529999,85.800003,645.62001,66.720001,82.82
125.43,85.769997,656.9400019999999,67.150002,83.199997
126.599998,86.910004,655.449982,67.849998,82.370003
126.440002,87.290001,658.31002,68.239998,83.139999
126.0,87.550003,661.9999849999999,68.120003,82.529999
125.690002,87.220001,658.6400150000001,67.769997,82.870003
122.57,85.650002,654.549988,66.730003,81.970001
120.07,85.879997,670.089996,67.050003,81.599998
123.279999,87.949997,680.599983,68.41999799999999,82.220001
125.660004,90.099998,707.610001,69.519997,82.41999799999999
125.610001,89.68,702.600006,70.099998,83.110001
126.82,89.760002,98.129997,70.019997,82.760002
128.509995,90.849998,115.809998,70.57,82.910004
129.619995,94.970001,114.769997,70.879997,82.610001
132.070007,97.910004,110.550003,72.699997,81.760002
130.75,98.389999,112.510002,72.019997,81.660004
125.220001,97.040001,111.5,71.970001,81.790001
125.160004,95.440002,110.099998,71.75,81.139999
124.5,96.949997,109.339996,74.800003,79.940002
122.769997,94.169998,106.43,73.860001,79.260002
123.379997,95.290001,106.900002,74.739998,82.480003
122.989998,96.989998,107.080002,76.010002,83.139999
122.370003,95.209999,111.559998,76.379997,83.010002
121.300003,94.010002,114.309998,75.339996,79.209999
118.440002,94.139999,112.559998,75.769997,78.059998
114.639999,94.059998,121.150002,75.269997,77.16999799999999
115.400002,96.440002,123.709999,74.980003,77.16999799999999
115.129997,95.120003,126.449997,73.58000200000001,78.089996
115.519997,94.300003,123.519997,74.209999,76.83000200000001
119.720001,94.150002,123.029999,74.379997,78.75
113.489998,93.620003,122.739998,73.360001,77.489998
115.239998,94.190002,120.510002,73.540001,78.790001
115.150002,93.43,123.730003,73.93,78.650002
115.959999,94.419998,123.389999,74.220001,78.360001
117.160004,93.93,125.360001,74.410004,78.769997
116.5,95.169998,124.050003,74.470001,77.900002
115.010002,95.309998,122.059998,74.400002,76.230003
112.650002,90.559998,112.489998,73.949997,74.57
105.760002,86.059998,103.959999,71.190002,72.129997
103.120003,82.089996,96.879997,68.360001,68.720001
103.739998,83.0,101.519997,66.970001,68.709999
109.690002,87.190002,110.129997,70.690002,72.5
112.919998,89.730003,117.660004,72.400002,74.849998
113.290001,91.010002,117.629997,72.459999,75.07
112.760002,89.43,115.029999,71.300003,75.239998
107.720001,87.230003,105.790001,68.959999,72.08000200000001
112.339996,89.889999,105.440002,69.620003,73.230003
110.370003,88.150002,101.059998,70.400002,73.790001
109.269997,88.260002,98.790001,69.160004,72.459999
112.309998,89.529999,94.949997,70.529999,73.5
110.150002,90.440002,99.18,69.599998,72.0
112.57,91.980003,99.480003,70.230003,72.519997
114.209999,92.050003,97.510002,70.760002,72.690002
115.309998,92.309998,95.690002,70.010002,72.489998
116.279999,92.900002,99.160004,70.510002,72.860001
116.410004,93.449997,104.080002,70.989998,74.300003
113.919998,94.339996,104.209999,70.959999,74.459999
113.449997,94.400002,102.620003,69.790001,72.68
115.209999,95.550003,100.300003,70.779999,73.389999
113.400002,92.959999,98.470001,70.25,72.739998
114.32,93.970001,98.07,70.949997,72.300003
115.0,94.410004,103.760002,70.239998,72.730003
114.709999,92.769997,102.239998,70.690002,73.230003
112.440002,89.209999,99.470001,67.199997,72.599998
109.059998,86.66999799999999,98.349998,68.529999,72.970001
110.300003,89.900002,103.260002,69.660004,74.349998
109.580002,90.949997,105.980003,69.989998,74.059998
110.379997,92.07,106.110001,70.66999799999999,75.879997
110.779999,94.010002,111.25,72.230003,76.809998
111.309998,92.800003,108.330002,72.08000200000001,77.889999
110.779999,92.400002,108.099998,73.220001,79.199997
109.5,92.470001,114.93,73.900002,80.029999
112.120003,93.239998,113.330002,73.980003,79.260002
111.599998,94.260002,113.449997,74.989998,79.300003
111.790001,94.120003,109.730003,75.0,79.160004
110.209999,94.07,110.230003,74.199997,80.160004
111.860001,95.959999,101.089996,75.339996,81.480003
111.040001,97.540001,98.989998,76.0,82.480003
111.730003,98.470001,101.690002,76.989998,80.989998
113.769997,97.0,98.989998,76.279999,80.83000200000001
113.760002,97.110001,97.959999,75.459999,80.209999
115.5,99.669998,97.32,76.41999799999999,82.889999
119.080002,102.190002,100.040001,77.07,82.980003
115.279999,103.769997,103.040001,78.18,81.220001
114.550003,103.699997,103.07,77.519997,81.089996
119.269997,104.199997,105.800003,78.870003,82.279999
120.529999,104.879997,105.120003,78.510002,82.230003
119.5,101.970001,108.379997,77.58000200000001,82.739998
121.18,103.309998,107.639999,75.220001,85.279999
122.57,102.580002,109.739998,77.900002,86.849998
122.0,103.940002,114.050003,78.349998,85.980003
120.919998,108.760002,113.5,79.260002,84.809998
121.059998,107.099998,114.059998,78.75,84.470001
120.57,106.489998,109.860001,78.040001,81.949997
116.769997,107.910004,112.699997,79.480003,82.349998
116.110001,109.010002,112.860001,79.18,81.620003
115.720001,108.019997,108.919998,78.309998,79.410004
112.339996,103.949997,103.650002,78.110001,78.099998
114.18,104.040001,111.349998,78.900002,80.900002
113.690002,105.129997,117.099998,78.83000200000001,79.959999
117.290001,107.769997,120.629997,80.459999,80.739998
118.779999,106.260002,120.220001,80.150002,80.300003
119.300003,107.32,123.839996,80.190002,79.790001
117.75,106.949997,125.029999,80.110001,80.279999
118.879997,105.739998,123.309998,79.790001,81.879997
118.029999,105.410004,124.160004,79.559998,81.25
117.809998,105.449997,125.440002,79.839996,81.230003
118.300003,104.239998,123.330002,79.010002,81.660004
117.339996,107.120003,125.370003,79.910004,81.889999
116.279999,106.07,128.929993,79.040001,79.550003
115.199997,104.379997,126.809998,78.290001,78.410004
119.029999,106.18,130.929993,80.400002,78.860001
118.279999,105.610001,125.360001,79.550003,76.800003
118.230003,106.489998,126.980003,79.07,74.629997
115.620003,104.599998,124.199997,77.879997,75.629997
116.169998,105.419998,122.910004,78.120003,75.690002
113.18,102.120003,118.910004,76.110001,74.339996
112.480003,104.660004,120.669998,76.870003,76.029999
110.489998,104.550003,118.599998,78.620003,79.43
111.339996,106.790001,122.639999,79.860001,79.150002
108.980003,106.220001,122.510002,78.690002,77.959999
106.029999,104.040001,118.019997,76.32,77.279999
107.330002,104.769997,116.629997,77.16999799999999,77.260002
107.230003,105.510002,116.239998,77.379997,77.650002
108.610001,104.629997,118.160004,78.559998,80.190002
108.029999,105.019997,117.330002,78.260002,79.33000200000001
106.82,105.93,117.110001,78.529999,78.739998
108.739998,107.260002,119.120003,79.209999,79.160004
107.32,106.220001,116.709999,78.349998,78.110001
105.260002,104.660004,114.379997,77.550003,77.949997
105.349998,102.220001,109.959999,75.699997,77.459999
102.709999,102.730003,107.660004,76.269997,78.120003
100.699997,102.970001,117.68,75.269997,77.470001
96.449997,97.919998,114.559998,73.790001,76.230003
96.959999,97.330002,111.389999,72.879997,74.690002
98.529999,97.510002,114.970001,73.91999799999999,73.690002
99.959999,99.370003,116.580002,74.760002,75.199997
97.389999,95.440002,106.559998,73.099998,75.650002
99.519997,98.370003,107.059998,73.800003,79.120003
97.129997,94.970001,104.040001,71.83000200000001,77.58000200000001
96.660004,95.260002,107.889999,71.389999,76.400002
96.790001,94.349998,107.739998,70.68,73.18
96.300003,94.160004,102.349998,71.559998,74.099998
101.419998,97.940002,100.720001,72.699997,76.57
99.440002,97.010002,99.120003,71.739998,73.980003
99.989998,97.339996,97.830002,71.879997,76.699997
93.419998,94.449997,91.150002,70.910004,75.290001
94.089996,109.110001,94.410004,69.33000200000001,76.989998
97.339996,112.209999,91.839996,74.489998,77.849998
96.43,115.089996,94.089996,74.379997,76.290001
94.480003,114.610001,91.489998,73.400002,74.589996
96.349998,112.690002,90.739998,74.379997,78.480003
96.599998,110.489998,89.709999,73.68,79.83000200000001
94.019997,104.07,82.790001,71.540001,80.08000200000001
95.010002,99.75,83.32,67.769997,81.160004
94.989998,99.540001,86.129997,68.33000200000001,80.08000200000001
94.269997,101.0,88.449997,70.150002,79.349998
93.699997,101.910004,86.349998,68.470001,79.599998
93.989998,102.010002,87.400002,70.41999799999999,81.029999
96.639999,101.610001,89.050003,71.099998,81.220001
98.120003,105.199997,94.760002,72.029999,82.0
96.260002,103.470001,90.489998,71.239998,82.449997
96.040001,104.57,89.230003,71.529999,82.5
96.879997,107.160004,91.93,73.059998,82.389999
94.690002,105.459999,89.120003,72.150002,81.230003
96.099998,106.879997,91.610001,71.849998,81.519997
96.760002,108.07,94.529999,73.269997,82.010002
96.910004,107.919998,94.790001,72.730003,81.75
96.690002,106.919998,93.410004,72.389999,80.150002
100.529999,109.82,98.300003,74.639999,81.279999
100.75,109.949997,97.610001,74.300003,82.699997
101.5,109.580002,97.93,73.910004,82.400002
103.010002,108.389999,101.580002,73.900002,82.290001
101.870003,105.730003,95.489998,71.940002,84.459999
101.029999,105.93,96.230003,70.620003,82.629997
101.120003,107.510002,98.0,70.68,82.400002
101.169998,107.32,97.360001,70.220001,82.18
102.260002,109.410004,97.660004,71.629997,82.190002
102.519997,109.889999,98.129997,71.489998,82.410004
104.580002,110.669998,97.860001,71.910004,82.82
105.970001,112.18,99.349998,72.370003,82.870003
105.800003,111.019997,99.720001,73.139999,84.099998
105.919998,111.449997,101.120003,73.779999,84.199997
105.910004,111.849998,101.059998,73.769997,83.620003
106.720001,112.25,99.839996,72.959999,84.120003
106.129997,112.540001,99.589996,73.910004,83.75
105.669998,113.050003,98.360001,74.139999,83.980003
105.190002,113.690002,101.209999,74.08000200000001,84.220001
107.68,116.139999,104.129997,75.379997,84.529999
109.559998,114.699997,102.190002,76.779999,84.519997
108.989998,114.099998,102.230003,76.480003,83.589996
109.989998,116.059998,105.699997,77.589996,82.959999
111.120003,112.550003,104.349998,77.83000200000001,83.160004
109.809998,112.220001,104.940002,76.970001,82.209999
110.959999,113.709999,104.830002,78.209999,83.309998
108.540001,113.639999,104.449997,77.58000200000001,82.370003
108.660004,110.629997,103.809998,78.029999,83.209999
109.019997,108.989998,102.68,77.82,83.32
110.440002,110.610001,106.980003,78.519997,84.349998
112.040001,110.510002,109.650002,79.709999,84.83000200000001
112.099998,110.839996,110.419998,80.33000200000001,85.43
109.849998,109.639999,111.510002,80.08000200000001,84.970001
107.480003,110.449997,108.400002,81.449997,85.779999
106.910004,112.290001,94.339996,80.75,86.209999
107.129997,112.419998,96.769997,81.150002,86.800003
105.970001,113.440002,94.980003,80.790001,86.790001
105.68,110.559998,95.900002,79.110001,87.529999
105.080002,110.099998,93.559998,78.139999,87.33000200000001
104.349998,108.760002,92.43,78.529999,87.629997
97.82,108.889999,91.040001,78.760002,88.459999
94.830002,116.730003,90.279999,77.68,88.029999
93.739998,117.580002,90.029999,77.239998,88.400002
93.639999,118.57,93.110001,78.459999,89.129997
95.18,117.43,91.540001,77.190002,88.110001
94.190002,118.059998,90.790001,77.07,87.940002
93.239998,117.809998,89.370003,77.360001,88.040001
92.720001,119.489998,90.839996,77.720001,88.510002
92.790001,119.239998,90.540001,78.220001,88.57
93.419998,120.5,92.889999,79.199997,89.989998
92.510002,119.519997,90.019997,77.300003,88.809998
90.339996,120.279999,87.739998,77.889999,89.66999799999999
90.519997,119.809998,87.879997,76.83000200000001,88.660004
93.879997,118.669998,89.120003,77.800003,89.57
93.489998,117.349998,88.629997,76.790001,89.529999
94.559998,117.650002,90.5,77.43,89.349998
94.199997,116.809998,89.550003,76.879997,90.110001
95.220001,117.349998,92.489998,77.66999799999999,89.739998
96.43,115.970001,94.889999,77.209999,89.599998
97.900002,117.699997,97.889999,79.379997,89.66999799999999
99.620003,117.889999,100.199997,79.059998,90.260002
100.410004,119.470001,102.809998,79.0,89.800003
100.349998,119.379997,103.300003,79.660004,90.010002
99.860001,118.809998,102.57,78.940002,89.019997
98.459999,118.779999,101.510002,79.220001,89.239998
97.720001,118.93,101.25,79.949997,88.529999
97.919998,118.470001,99.589996,79.940002,88.370003
98.629997,118.790001,100.739998,80.540001,89.339996
99.029999,117.760002,99.889999,80.599998,90.709999
98.940002,118.389999,97.860001,81.650002,90.790001
99.650002,118.559998,97.089996,81.260002,90.669998
98.830002,116.620003,93.75,80.18,89.980003
97.339996,113.949997,93.849998,78.400002,90.589996
97.459999,114.940002,94.120003,78.57,90.43
97.139999,114.599998,94.290001,78.16999799999999,90.160004
97.550003,114.389999,95.440002,78.349998,91.220001
95.330002,113.019997,94.449997,76.989998,90.720001
95.099998,113.370003,93.800003,77.339996,91.120003
95.910004,114.379997,90.989998,77.33000200000001,91.529999
95.550003,113.910004,90.010002,76.529999,91.169998
96.099998,115.080002,91.660004,78.230003,91.800003
93.400002,112.080002,88.440002,75.050003,89.389999
92.040001,108.970001,85.33000200000001,73.339996,88.860001
93.589996,112.699997,87.970001,75.160004,90.910004
94.400002,114.160004,91.059998,76.739998,92.459999
95.599998,114.279999,91.480003,74.16999799999999,93.739998
95.889999,114.190002,96.669998,74.480003,93.839996
94.989998,114.199997,97.910004,74.66999799999999,93.019997
95.529999,116.699997,94.599998,74.059998,94.089996
95.940002,115.849998,95.099998,74.510002,92.959999
96.68,117.239998,97.059998,76.41999799999999,93.540001
96.980003,117.870003,94.669998,76.519997,93.889999
97.419998,117.93,95.970001,77.480003,94.949997
96.870003,116.779999,96.43,77.459999,94.879997
98.790001,117.290001,98.019997,78.139999,94.949997
98.779999,116.860001,98.389999,78.300003,95.120003
99.830002,119.370003,98.809998,78.309998,94.82
99.870003,120.610001,85.839996,78.720001,94.470001
99.959999,121.919998,87.910004,79.360001,93.93
99.43,120.610001,85.989998,78.790001,93.849998
98.660004,121.0,85.889999,79.910004,94.010002
97.339996,121.629997,87.660004,78.940002,92.199997
96.669998,121.220001,91.410004,78.489998,91.529999
102.949997,123.339996,92.040001,78.529999,90.910004
104.339996,125.0,91.650002,79.190002,90.199997
104.209999,123.940002,91.25,78.050003,88.949997
106.050003,124.309998,94.370003,78.260002,85.860001
104.480003,123.089996,93.559998,78.279999,87.040001
105.790001,122.510002,93.099998,78.709999,87.489998
105.870003,124.360001,93.440002,79.480003,87.480003
107.480003,125.150002,97.029999,80.139999,87.559998
108.370003,125.260002,95.110001,79.949997,88.589996
108.809998,125.059998,93.989998,80.059998,88.699997
108.0,124.879997,93.93,79.68,86.410004
107.93,124.900002,95.889999,80.120003,86.720001
108.18,124.879997,96.589996,80.019997,87.849998
109.480003,123.900002,95.309998,80.910004,87.809998
109.379997,123.300003,95.120003,80.809998,87.91999799999999
109.220001,124.370003,96.370003,80.839996,88.110001
109.080002,123.910004,96.160004,80.269997,88.910004
109.360001,123.559998,95.870003,80.470001,87.800003
108.510002,124.150002,95.260002,81.059998,87.989998
108.849998,124.370003,95.940002,80.800003,87.720001
108.029999,123.480003,95.18,80.290001,88.019997
107.57,123.889999,97.32,80.32,87.459999
106.940002,124.959999,97.580002,80.57,87.269997
106.82,126.540001,97.300003,80.870003,87.839996
106.0,125.839996,97.449997,81.16999799999999,87.519997
106.099998,126.120003,97.449997,80.900002,87.139999
106.730003,126.169998,97.379997,81.300003,86.839996
107.730003,126.510002,97.379997,82.0,87.41999799999999
107.699997,129.729996,100.089996,82.529999,88.57
108.360001,131.050003,99.150002,83.239998,88.239998
105.519997,130.270004,99.660004,82.970001,89.050003
103.129997,127.099998,96.5,81.33000200000001,86.839996
105.440002,128.690002,99.050003,82.970001,87.290001
107.949997,127.209999,96.089996,81.889999,85.209999
111.769997,127.769997,97.010002,81.489998,84.599998
115.57,128.350006,97.339996,82.010002,85.08000200000001
114.919998,129.070007,99.480003,82.07,84.029999
113.580002,128.649994,98.059998,82.510002,83.83000200000001
113.57,128.639999,98.25,82.480003,82.540001
113.550003,129.940002,94.879997,83.220001,83.300003
114.620003,130.080002,95.830002,83.360001,83.540001
112.709999,127.959999,95.940002,82.540001,83.449997
112.879997,127.309998,94.559998,81.809998,83.059998
113.089996,128.690002,97.07,82.160004,83.239998
113.949997,129.229996,97.480003,82.970001,86.900002
112.18,128.089996,96.669998,81.91999799999999,86.459999
113.050003,128.270004,98.550003,82.699997,87.279999
112.519997,128.770004,102.629997,82.860001,87.050003
113.0,128.190002,102.339996,82.730003,86.25
113.050003,128.470001,106.279999,83.349998,87.0
113.889999,128.740005,105.07,83.360001,87.040001
114.059998,128.990005,104.82,82.879997,86.739998
116.050003,130.240005,103.330002,83.120003,88.440002
116.300003,128.880005,100.589996,82.040001,87.739998
117.339996,129.050003,99.5,82.25,87.129997
116.980003,127.82,100.230003,81.870003,86.559998
117.629997,127.879997,101.470001,82.449997,86.540001
117.550003,127.540001,99.800003,82.150002,86.540001
117.470001,128.570007,118.790001,81.58000200000001,86.769997
117.120003,130.110001,121.870003,82.809998,87.16999799999999
117.059998,130.0,123.349998,82.5,87.209999
116.599998,132.070007,127.5,82.349998,86.620003
117.650002,133.279999,127.330002,83.16999799999999,86.910004
118.25,132.28999299999998,126.510002,82.029999,86.720001
115.589996,131.03999299999998,126.970001,81.75,87.089996
114.480003,129.690002,126.470001,81.91999799999999,86.91999799999999
113.720001,131.28999299999998,126.57,82.220001,84.779999
113.540001,130.990005,124.870003,82.510002,83.32
111.489998,129.5,123.300003,81.620003,83.650002
111.589996,127.169998,122.339996,80.58000200000001,83.449997
109.830002,120.0,122.139999,80.650002,83.660004
108.839996,120.75,122.029999,80.360001,83.57
110.410004,122.150002,124.580002,82.510002,85.449997
111.059998,124.220001,124.339996,82.879997,85.309998
110.879997,123.18,122.190002,83.239998,86.25
107.790001,120.800003,115.419998,81.870003,87.050003
108.43,119.019997,114.779999,81.879997,85.66999799999999
105.709999,115.080002,113.379997,78.379997,85.279999
107.110001,117.199997,113.589996,78.57,86.82
109.989998,116.339996,115.190002,80.08000200000001,85.75
109.949997,117.790001,115.029999,81.07,85.230003
110.059998,117.019997,115.209999,80.82,85.279999
111.730003,121.769997,117.959999,81.690002,86.489998
111.800003,121.470001,118.040001,79.93,86.68
111.230003,120.839996,117.690002,79.57,86.91999799999999
111.790001,120.379997,117.410004,80.129997,87.120003
111.57,120.410004,116.93,79.08000200000001,86.470001
111.459999,120.870003,117.510002,79.150002,85.900002
110.519997,118.419998,117.0,77.32,87.300003
109.489998,115.099998,117.220001,75.43,87.239998
109.900002,115.400002,120.809998,75.720001,87.040001
109.110001,117.43,119.160004,77.309998,87.480003
109.949997,117.309998,124.57,77.110001,87.559998
111.029999,117.949997,125.389999,79.309998,88.07
112.120003,118.910004,123.239998,79.279999,88.32
113.949997,119.68,122.879997,79.139999,89.0
113.300003,117.769997,122.830002,78.5,90.980003
115.190002,120.309998,123.779999,79.199997,92.580002
115.190002,120.209999,123.440002,79.129997,90.580002
115.82,120.57,125.0,79.5,90.889999
115.970001,119.870003,124.220001,78.349998,91.18
116.639999,119.239998,125.449997,78.099998,90.419998
116.949997,119.089996,125.120003,78.360001,90.43
117.059998,119.040001,126.5,78.139999,90.279999
116.290001,117.400002,125.580002,77.900002,90.870003
116.519997,117.269997,125.589996,78.150002,90.709999
117.260002,118.010002,128.350006,78.349998,90.75
116.760002,116.919998,125.889999,78.300003,90.300003
116.730003,116.349998,125.330002,78.33000200000001,90.349998
115.82,115.050003,123.800003,78.019997,90.260002
